A,B,C,D,E,F,G,H,I,J,K,L,M
Checkout,Checkout,Checkout,Checkout,Checkout,Health and Hygiene,Health and Hygiene,Health and Hygiene,Health and Hygiene,Health and Hygiene,Health and Hygiene,Health and Hygiene,Health and Hygiene
Checkout,Checkout,Checkout,Checkout,Checkout,Health and Hygiene,Health and Hygiene,Health and Hygiene,Health and Hygiene,Health and Hygiene,Health and Hygiene,Health and Hygiene,Health and Hygiene
Checkout,Checkout,Checkout,Checkout,Checkout,Health and Hygiene,Health and Hygiene,Health and Hygiene,Health and Hygiene,Health and Hygiene,Health and Hygiene,Health and Hygiene,Health and Hygiene
Snack Foods,Snacks,Canned Foods,Canned Products,Beverages,Household,Breakfast Foods,Starchy Foods,Baking Goods,Produce,Alcoholic Beverages,Alcoholic Beverages,Periodicals
Snack Foods,Snacks,Canned Foods,Canned Products,Beverages,Household,Breakfast Foods,Starchy Foods,Baking Goods,Produce,Alcoholic Beverages,Alcoholic Beverages,Periodicals
Snack Foods,Snacks,Canned Foods,Canned Products,Beverages,Household,Breakfast Foods,Starchy Foods,Baking Goods,Produce,Alcoholic Beverages,Alcoholic Beverages,Periodicals
Snack Foods,Snacks,Canned Foods,Canned Products,Beverages,Household,Breakfast Foods,Starchy Foods,Baking Goods,Produce,Alcoholic Beverages,Alcoholic Beverages,Periodicals
Snack Foods,Snacks,Canned Foods,Canned Products,Beverages,Household,Breakfast Foods,Starchy Foods,Baking Goods,Produce,Alcoholic Beverages,Alcoholic Beverages,Periodicals
Snack Foods,Snacks,Canned Foods,Canned Products,Beverages,Household,Breakfast Foods,Starchy Foods,Baking Goods,Produce,Seafood,Seafood,Periodicals
Snack Foods,Snacks,Canned Foods,Canned Products,Beverages,Household,Breakfast Foods,Starchy Foods,Baking Goods,Produce,Seafood,Seafood,Periodicals
Baked Goods,Baked Goods,Baked Goods,Baked Goods,Beverages,Household,Breakfast Foods,Starchy Foods,Baking Goods,Produce,Seafood,Seafood,Periodicals
Baked Goods,Baked Goods,Baked Goods,Baked Goods,Beverages,Household,Breakfast Foods,Starchy Foods,Baking Goods,Produce,Seafood,Seafood,Periodicals
Carousel,Carousel,Baked Goods,Baked Goods,Beverages,Household,Breakfast Foods,Starchy Foods,Baking Goods,Produce,Seafood,Seafood,Periodicals
Carousel,Carousel,Baked Goods,Baked Goods,Beverages,Household,Breakfast Foods,Starchy Foods,Baking Goods,Produce,Seafood,Seafood,Periodicals
Deli,Deli,Deli,Meat,Meat,Meat,Frozen Foods,Frozen Foods,Frozen Foods,Eggs,Dairy,Dairy,Dairy
Deli,Deli,Deli,Meat,Meat,Meat,Frozen Foods,Frozen Foods,Frozen Foods,Eggs,Dairy,Dairy,Dairy
Deli,Deli,Deli,Meat,Meat,Meat,Frozen Foods,Frozen Foods,Frozen Foods,Eggs,Dairy,Dairy,Dairy
Deli,Deli,Deli,Meat,Meat,Meat,Frozen Foods,Frozen Foods,Frozen Foods,Eggs,Dairy,Dairy,Dairy
Deli,Deli,Deli,Meat,Meat,Meat,Frozen Foods,Frozen Foods,Frozen Foods,Eggs,Dairy,Dairy,Dairy
